,xy,x,y
2,98167502.53625439,25647837.593893874,58453025.57786754
3,84855935.46718062,20706548.71325766,45136999.86006508
4,75078019.78702405,19000777.285894286,39711188.356659606
5,69457860.14825141,17855162.697024174,36667524.68400875
6,65641925.13825285,17097219.51806276,34011424.77847031
7,62342882.07469008,16753083.338687684,32873766.37221399
8,59268757.47300682,16294200.176703082,30667248.663527526
9,56174272.42362026,16011375.548582312,29439334.832628176
