,xy,x,y
2,51141985.9535618,15892274.522796163,33746135.15213062
3,48237454.83423474,15174948.395322721,30962986.625639323
4,45480515.51925188,14669906.670346517,28373692.841779996
5,43979194.12955225,14221669.10976029,26321376.62917581
6,42459018.10514653,13994393.294180073,25443363.94319643
7,41017475.166890845,13740194.479678424,24380247.506743323
8,40259355.48764102,13330751.621916264,23471788.18064668
9,38375811.18564021,12948528.251404984,22392209.379232932
